候选编号,构造可行,随机种子,运输架次数,多服务区架次数,加权迟到（加权s）,迟到箱数,全部返航时刻（s）,末箱交付时刻（s）,总能耗（kWh）,计算时间（s）,指标与入选方案相同,失败原因,搜索参数或精修记录
S01,是,20260924,27,0,0,0,7977.65327083,7473.69260074,74.2009968574,0.0507311000001,否,,"{""energy_weight"": 20.0, ""hard_bonus"": 0.0, ""hard_first"": false, ""late_weight"": 2.0, ""lookahead"": true, ""lookahead_limit"": 24, ""max_stops"": 1, ""neighbors"": 4, ""noise"": 0.0, ""packing_power"": 0.75, ""plan_limit"": 32, ""priority"": ""target"", ""wait_weight"": 0.0}"
S02,是,20260925,25,10,334.65611274,1,9635.49965406,9015.00520913,76.7021533081,0.121206600001,否,,"{""energy_weight"": 80.0, ""hard_bonus"": 0.0, ""hard_first"": true, ""late_weight"": 2.0, ""lookahead"": true, ""lookahead_limit"": 24, ""max_stops"": 2, ""neighbors"": 4, ""noise"": 0.0, ""packing_power"": 0.75, ""plan_limit"": 32, ""priority"": ""target"", ""wait_weight"": 0.0}"
S03,是,20260926,23,11,29435.2538341,6,10289.6178834,9499.08297224,77.9248780084,0.238104199998,否,,"{""energy_weight"": 160.0, ""hard_bonus"": 0.0, ""hard_first"": false, ""late_weight"": 2.0, ""lookahead"": true, ""lookahead_limit"": 24, ""max_stops"": 3, ""neighbors"": 4, ""noise"": 0.0, ""packing_power"": 0.75, ""plan_limit"": 32, ""priority"": ""target"", ""wait_weight"": 0.0}"
S04,是,20260927,27,0,0,0,7977.65327083,7473.69260074,71.3662865754,0.0225981000003,否,,"{""energy_weight"": 20.0, ""hard_bonus"": 0.0, ""hard_first"": true, ""late_weight"": 2.0, ""lookahead"": true, ""lookahead_limit"": 24, ""max_stops"": 1, ""neighbors"": 4, ""noise"": 0.0, ""packing_power"": 1.0, ""plan_limit"": 32, ""priority"": ""target"", ""wait_weight"": 0.0}"
S05,是,20260928,23,11,0,0,10387.0279863,9766.53354139,76.4362357929,0.0586703000008,否,,"{""energy_weight"": 80.0, ""hard_bonus"": 0.0, ""hard_first"": false, ""late_weight"": 8.0, ""lookahead"": true, ""lookahead_limit"": 24, ""max_stops"": 2, ""neighbors"": 4, ""noise"": 0.0, ""packing_power"": 1.0, ""plan_limit"": 32, ""priority"": ""slack"", ""wait_weight"": 0.0}"
S06,是,20260929,25,9,5404.89065627,3,10596.4899771,10036.7062195,75.6232317261,0.366695699999,否,,"{""energy_weight"": 160.0, ""hard_bonus"": 0.0, ""hard_first"": true, ""late_weight"": 8.0, ""lookahead"": true, ""lookahead_limit"": 24, ""max_stops"": 3, ""neighbors"": 4, ""noise"": 0.0, ""packing_power"": 1.0, ""plan_limit"": 32, ""priority"": ""slack"", ""wait_weight"": 0.0}"
S07,是,20260930,26,0,0,0,7977.65327083,7473.69260074,70.1868227431,0.0184826000004,否,,"{""energy_weight"": 20.0, ""hard_bonus"": 0.0, ""hard_first"": false, ""late_weight"": 8.0, ""lookahead"": true, ""lookahead_limit"": 24, ""max_stops"": 1, ""neighbors"": 4, ""noise"": 0.0, ""packing_power"": 1.25, ""plan_limit"": 32, ""priority"": ""slack"", ""wait_weight"": 0.5}"
S08,是,20260931,23,14,8677.5252093,2,10075.7074999,9285.17258872,79.0324129132,0.0374372000006,否,,"{""energy_weight"": 80.0, ""hard_bonus"": 0.0, ""hard_first"": true, ""late_weight"": 8.0, ""lookahead"": true, ""lookahead_limit"": 24, ""max_stops"": 2, ""neighbors"": 4, ""noise"": 0.0, ""packing_power"": 1.25, ""plan_limit"": 32, ""priority"": ""slack"", ""wait_weight"": 0.5}"
S09,是,20260932,23,6,0,0,9586.99608289,9234.91884449,74.2046542085,0.239164899998,否,,"{""energy_weight"": 160.0, ""hard_bonus"": 0.0, ""hard_first"": false, ""late_weight"": 20.0, ""lookahead"": true, ""lookahead_limit"": 24, ""max_stops"": 3, ""neighbors"": 4, ""noise"": 0.0, ""packing_power"": 1.25, ""plan_limit"": 32, ""priority"": ""hard"", ""wait_weight"": 0.5}"
S10,是,20260933,29,0,13321.2271267,2,8218.68027796,7486.44272318,73.3463406051,0.0217730000004,否,,"{""energy_weight"": 20.0, ""hard_bonus"": 0.0, ""hard_first"": true, ""late_weight"": 20.0, ""lookahead"": true, ""lookahead_limit"": 24, ""max_stops"": 1, ""neighbors"": 4, ""noise"": 0.0, ""packing_power"": 1.5, ""plan_limit"": 32, ""priority"": ""hard"", ""wait_weight"": 0.5}"
S11,是,20260934,23,10,0,0,8900.46231996,8109.92740881,76.74119209,0.0452700999995,否,,"{""energy_weight"": 80.0, ""hard_bonus"": 0.0, ""hard_first"": false, ""late_weight"": 20.0, ""lookahead"": true, ""lookahead_limit"": 24, ""max_stops"": 2, ""neighbors"": 4, ""noise"": 0.0, ""packing_power"": 1.5, ""plan_limit"": 32, ""priority"": ""hard"", ""wait_weight"": 0.5}"
S12,是,20260935,25,10,2266.42781076,1,7905.33661282,7399.57929857,78.0912130179,0.243717099998,否,,"{""energy_weight"": 160.0, ""hard_bonus"": 0.0, ""hard_first"": true, ""late_weight"": 20.0, ""lookahead"": true, ""lookahead_limit"": 24, ""max_stops"": 3, ""neighbors"": 4, ""noise"": 0.0, ""packing_power"": 1.5, ""plan_limit"": 32, ""priority"": ""hard"", ""wait_weight"": 0.5}"
S13,是,20260936,26,0,0,0,7911.65327083,7407.69260074,71.9643261414,0.0212421999968,否,,"{""energy_weight"": 20.0, ""hard_bonus"": 0.5, ""hard_first"": false, ""late_weight"": 2.0, ""lookahead"": true, ""lookahead_limit"": 24, ""max_stops"": 1, ""neighbors"": 4, ""noise"": 3.0, ""packing_power"": 0.75, ""plan_limit"": 32, ""priority"": ""target"", ""wait_weight"": 0.0}"
S14,是,20260937,26,16,2997.66840328,2,9834.34029693,9116.78195408,81.9246163493,0.0767760999988,否,,"{""energy_weight"": 80.0, ""hard_bonus"": 0.5, ""hard_first"": true, ""late_weight"": 2.0, ""lookahead"": true, ""lookahead_limit"": 24, ""max_stops"": 2, ""neighbors"": 4, ""noise"": 10.0, ""packing_power"": 0.75, ""plan_limit"": 32, ""priority"": ""target"", ""wait_weight"": 0.0}"
S15,是,20260938,25,10,6014.67798582,2,8867.61510223,8247.12065731,79.3033008027,0.2303584,否,,"{""energy_weight"": 160.0, ""hard_bonus"": 0.5, ""hard_first"": false, ""late_weight"": 2.0, ""lookahead"": true, ""lookahead_limit"": 24, ""max_stops"": 3, ""neighbors"": 4, ""noise"": 30.0, ""packing_power"": 0.75, ""plan_limit"": 32, ""priority"": ""target"", ""wait_weight"": 0.0}"
S16,是,20260939,27,0,0,0,7977.65327083,7473.69260074,71.3662865754,0.0221414000007,否,,"{""energy_weight"": 20.0, ""hard_bonus"": 0.5, ""hard_first"": true, ""late_weight"": 2.0, ""lookahead"": true, ""lookahead_limit"": 24, ""max_stops"": 1, ""neighbors"": 4, ""noise"": 3.0, ""packing_power"": 1.0, ""plan_limit"": 32, ""priority"": ""target"", ""wait_weight"": 0.0}"
S17,是,20260940,24,13,0,0,10440.3846153,9819.89017041,80.2823021037,0.0703500000018,否,,"{""energy_weight"": 80.0, ""hard_bonus"": 0.5, ""hard_first"": false, ""late_weight"": 8.0, ""lookahead"": true, ""lookahead_limit"": 24, ""max_stops"": 2, ""neighbors"": 4, ""noise"": 10.0, ""packing_power"": 1.0, ""plan_limit"": 32, ""priority"": ""slack"", ""wait_weight"": 0.0}"
S18,是,20260941,26,13,11536.6628435,4,9004.89749193,8334.20829972,83.4238447439,0.255613100002,否,,"{""energy_weight"": 160.0, ""hard_bonus"": 0.5, ""hard_first"": true, ""late_weight"": 8.0, ""lookahead"": true, ""lookahead_limit"": 24, ""max_stops"": 3, ""neighbors"": 4, ""noise"": 30.0, ""packing_power"": 1.0, ""plan_limit"": 32, ""priority"": ""slack"", ""wait_weight"": 0.0}"
S19,是,20260942,26,0,0,0,7977.65327083,7473.69260074,70.6735028013,0.0202834000011,否,,"{""energy_weight"": 20.0, ""hard_bonus"": 0.5, ""hard_first"": false, ""late_weight"": 8.0, ""lookahead"": true, ""lookahead_limit"": 24, ""max_stops"": 1, ""neighbors"": 4, ""noise"": 3.0, ""packing_power"": 1.25, ""plan_limit"": 32, ""priority"": ""slack"", ""wait_weight"": 0.5}"
S20,是,20260943,25,17,4338.76260465,1,10117.4203385,9415.40959089,83.8886169486,0.0707266999998,否,,"{""energy_weight"": 80.0, ""hard_bonus"": 0.5, ""hard_first"": true, ""late_weight"": 8.0, ""lookahead"": true, ""lookahead_limit"": 24, ""max_stops"": 2, ""neighbors"": 4, ""noise"": 10.0, ""packing_power"": 1.25, ""plan_limit"": 32, ""priority"": ""slack"", ""wait_weight"": 0.5}"
S21,是,20260944,23,9,0,0,10360.3352471,9658.32449955,76.2418724778,0.294623799997,否,,"{""energy_weight"": 160.0, ""hard_bonus"": 0.5, ""hard_first"": false, ""late_weight"": 20.0, ""lookahead"": true, ""lookahead_limit"": 24, ""max_stops"": 3, ""neighbors"": 4, ""noise"": 30.0, ""packing_power"": 1.25, ""plan_limit"": 32, ""priority"": ""hard"", ""wait_weight"": 0.5}"
S22,是,20260945,27,0,8137.26875198,1,8165.66916519,7433.43161041,72.7069211471,0.0218509000006,否,,"{""energy_weight"": 20.0, ""hard_bonus"": 0.5, ""hard_first"": true, ""late_weight"": 20.0, ""lookahead"": true, ""lookahead_limit"": 24, ""max_stops"": 1, ""neighbors"": 4, ""noise"": 3.0, ""packing_power"": 1.5, ""plan_limit"": 32, ""priority"": ""hard"", ""wait_weight"": 0.5}"
S23,是,20260946,22,13,0,0,8959.5758721,8471.18188863,74.7590323279,0.0667727999971,否,,"{""energy_weight"": 80.0, ""hard_bonus"": 0.5, ""hard_first"": false, ""late_weight"": 20.0, ""lookahead"": true, ""lookahead_limit"": 24, ""max_stops"": 2, ""neighbors"": 4, ""noise"": 10.0, ""packing_power"": 1.5, ""plan_limit"": 32, ""priority"": ""hard"", ""wait_weight"": 0.5}"
S24,是,20260947,24,9,4837.53934883,1,10651.7119131,10339.8176123,80.0087660654,0.210372599999,否,,"{""energy_weight"": 160.0, ""hard_bonus"": 0.5, ""hard_first"": true, ""late_weight"": 20.0, ""lookahead"": true, ""lookahead_limit"": 24, ""max_stops"": 3, ""neighbors"": 4, ""noise"": 30.0, ""packing_power"": 1.5, ""plan_limit"": 32, ""priority"": ""hard"", ""wait_weight"": 0.5}"
S25,是,20260948,27,0,0,0,7977.65327083,7473.69260074,74.2009968574,0.0224407999995,否,,"{""energy_weight"": 20.0, ""hard_bonus"": 0.0, ""hard_first"": false, ""late_weight"": 2.0, ""lookahead"": true, ""lookahead_limit"": 24, ""max_stops"": 1, ""neighbors"": 4, ""noise"": 3.0, ""packing_power"": 0.75, ""plan_limit"": 32, ""priority"": ""target"", ""wait_weight"": 0.0}"
S26,是,20260949,24,9,4373.88616054,3,9417.93219425,8797.43774933,75.6499646963,0.0522048000021,否,,"{""energy_weight"": 80.0, ""hard_bonus"": 0.0, ""hard_first"": true, ""late_weight"": 2.0, ""lookahead"": true, ""lookahead_limit"": 24, ""max_stops"": 2, ""neighbors"": 4, ""noise"": 10.0, ""packing_power"": 0.75, ""plan_limit"": 32, ""priority"": ""target"", ""wait_weight"": 0.0}"
S27,否,20260950,15,,,,,,,0.162230099999,否,No feasible placement in bounded candidate family,"{""energy_weight"": 160.0, ""hard_bonus"": 0.0, ""hard_first"": false, ""late_weight"": 2.0, ""lookahead"": true, ""lookahead_limit"": 24, ""max_stops"": 3, ""neighbors"": 4, ""noise"": 30.0, ""packing_power"": 0.75, ""plan_limit"": 32, ""priority"": ""target"", ""wait_weight"": 0.0}"
S28,是,20260951,27,0,0,0,7977.65327083,7473.69260074,71.3662865754,0.0215831999994,否,,"{""energy_weight"": 20.0, ""hard_bonus"": 0.0, ""hard_first"": true, ""late_weight"": 2.0, ""lookahead"": true, ""lookahead_limit"": 24, ""max_stops"": 1, ""neighbors"": 4, ""noise"": 3.0, ""packing_power"": 1.0, ""plan_limit"": 32, ""priority"": ""target"", ""wait_weight"": 0.0}"
S29,是,20260952,24,12,0,0,10062.3606456,9441.86620069,76.4410852907,0.0568542000001,否,,"{""energy_weight"": 80.0, ""hard_bonus"": 0.0, ""hard_first"": false, ""late_weight"": 8.0, ""lookahead"": true, ""lookahead_limit"": 24, ""max_stops"": 2, ""neighbors"": 4, ""noise"": 10.0, ""packing_power"": 1.0, ""plan_limit"": 32, ""priority"": ""slack"", ""wait_weight"": 0.0}"
S30,是,20260953,24,11,9232.66284346,4,10494.8559854,9704.32107422,75.4337208683,0.231440800002,否,,"{""energy_weight"": 160.0, ""hard_bonus"": 0.0, ""hard_first"": true, ""late_weight"": 8.0, ""lookahead"": true, ""lookahead_limit"": 24, ""max_stops"": 3, ""neighbors"": 4, ""noise"": 30.0, ""packing_power"": 1.0, ""plan_limit"": 32, ""priority"": ""slack"", ""wait_weight"": 0.0}"
S31,是,20260954,26,0,0,0,7977.65327083,7473.69260074,70.1868227431,0.0223860999977,否,,"{""energy_weight"": 20.0, ""hard_bonus"": 0.0, ""hard_first"": false, ""late_weight"": 8.0, ""lookahead"": true, ""lookahead_limit"": 24, ""max_stops"": 1, ""neighbors"": 4, ""noise"": 3.0, ""packing_power"": 1.25, ""plan_limit"": 32, ""priority"": ""slack"", ""wait_weight"": 0.5}"
S32,是,20260955,24,11,0,0,10349.7144122,9729.21996729,78.0991517247,0.0536758999988,否,,"{""energy_weight"": 80.0, ""hard_bonus"": 0.0, ""hard_first"": true, ""late_weight"": 8.0, ""lookahead"": true, ""lookahead_limit"": 24, ""max_stops"": 2, ""neighbors"": 4, ""noise"": 10.0, ""packing_power"": 1.25, ""plan_limit"": 32, ""priority"": ""slack"", ""wait_weight"": 0.5}"
S33,是,20260956,23,8,4673.45706585,1,9934.42805871,9232.41731112,74.7233886537,0.291807099999,否,,"{""energy_weight"": 160.0, ""hard_bonus"": 0.0, ""hard_first"": false, ""late_weight"": 20.0, ""lookahead"": true, ""lookahead_limit"": 24, ""max_stops"": 3, ""neighbors"": 4, ""noise"": 30.0, ""packing_power"": 1.25, ""plan_limit"": 32, ""priority"": ""hard"", ""wait_weight"": 0.5}"
S34,是,20260957,28,0,6733.23844174,2,8218.68027796,7486.44272318,72.1951239167,0.022993999999,否,,"{""energy_weight"": 20.0, ""hard_bonus"": 0.0, ""hard_first"": true, ""late_weight"": 20.0, ""lookahead"": true, ""lookahead_limit"": 24, ""max_stops"": 1, ""neighbors"": 4, ""noise"": 3.0, ""packing_power"": 1.5, ""plan_limit"": 32, ""priority"": ""hard"", ""wait_weight"": 0.5}"
S35,是,20260958,23,13,8627.88326591,2,9750.5854502,8960.05053905,78.0533011016,0.0495101999986,否,,"{""energy_weight"": 80.0, ""hard_bonus"": 0.0, ""hard_first"": false, ""late_weight"": 20.0, ""lookahead"": true, ""lookahead_limit"": 24, ""max_stops"": 2, ""neighbors"": 4, ""noise"": 10.0, ""packing_power"": 1.5, ""plan_limit"": 32, ""priority"": ""hard"", ""wait_weight"": 0.5}"
S36,是,20260959,23,8,6847.61448594,2,10872.0335921,10081.498681,77.0749370643,0.174403699999,否,,"{""energy_weight"": 160.0, ""hard_bonus"": 0.0, ""hard_first"": true, ""late_weight"": 20.0, ""lookahead"": true, ""lookahead_limit"": 24, ""max_stops"": 3, ""neighbors"": 4, ""noise"": 30.0, ""packing_power"": 1.5, ""plan_limit"": 32, ""priority"": ""hard"", ""wait_weight"": 0.5}"
S37,是,20260960,27,0,0,0,7977.65327083,7473.69260074,75.7440484866,0.0211943000031,否,,"{""energy_weight"": 20.0, ""hard_bonus"": 0.5, ""hard_first"": false, ""late_weight"": 2.0, ""lookahead"": true, ""lookahead_limit"": 24, ""max_stops"": 1, ""neighbors"": 4, ""noise"": 3.0, ""packing_power"": 0.75, ""plan_limit"": 32, ""priority"": ""target"", ""wait_weight"": 0.0}"
S38,是,20260961,25,14,4211.93376837,4,10598.9949617,9919.81981323,77.8121179327,0.0569776000011,否,,"{""energy_weight"": 80.0, ""hard_bonus"": 0.5, ""hard_first"": true, ""late_weight"": 2.0, ""lookahead"": true, ""lookahead_limit"": 24, ""max_stops"": 2, ""neighbors"": 4, ""noise"": 10.0, ""packing_power"": 0.75, ""plan_limit"": 32, ""priority"": ""target"", ""wait_weight"": 0.0}"
S39,是,20260962,24,12,334.65611274,1,11099.2480135,10381.6896706,80.0274390618,0.207382000001,否,,"{""energy_weight"": 160.0, ""hard_bonus"": 0.5, ""hard_first"": false, ""late_weight"": 2.0, ""lookahead"": true, ""lookahead_limit"": 24, ""max_stops"": 3, ""neighbors"": 4, ""noise"": 30.0, ""packing_power"": 0.75, ""plan_limit"": 32, ""priority"": ""target"", ""wait_weight"": 0.0}"
S40,是,20260963,26,0,0,0,7977.65327083,7473.69260074,70.6735028013,0.0188142000006,否,,"{""energy_weight"": 20.0, ""hard_bonus"": 0.5, ""hard_first"": true, ""late_weight"": 2.0, ""lookahead"": true, ""lookahead_limit"": 24, ""max_stops"": 1, ""neighbors"": 4, ""noise"": 3.0, ""packing_power"": 1.0, ""plan_limit"": 32, ""priority"": ""target"", ""wait_weight"": 0.0}"
S41,是,20260964,24,14,0,0,10119.1105683,9417.09982072,76.4902497315,0.0486882999976,否,,"{""energy_weight"": 80.0, ""hard_bonus"": 0.5, ""hard_first"": false, ""late_weight"": 8.0, ""lookahead"": true, ""lookahead_limit"": 24, ""max_stops"": 2, ""neighbors"": 4, ""noise"": 10.0, ""packing_power"": 1.0, ""plan_limit"": 32, ""priority"": ""slack"", ""wait_weight"": 0.0}"
S42,是,20260965,27,14,9232.66284346,4,8732.28060625,8228.31993617,84.985987682,0.169116500001,否,,"{""energy_weight"": 160.0, ""hard_bonus"": 0.5, ""hard_first"": true, ""late_weight"": 8.0, ""lookahead"": true, ""lookahead_limit"": 24, ""max_stops"": 3, ""neighbors"": 4, ""noise"": 30.0, ""packing_power"": 1.0, ""plan_limit"": 32, ""priority"": ""slack"", ""wait_weight"": 0.0}"
S43,是,20260966,27,0,0,0,7977.65327083,7473.69260074,71.3662865754,0.0202314000016,否,,"{""energy_weight"": 20.0, ""hard_bonus"": 0.5, ""hard_first"": false, ""late_weight"": 8.0, ""lookahead"": true, ""lookahead_limit"": 24, ""max_stops"": 1, ""neighbors"": 4, ""noise"": 3.0, ""packing_power"": 1.25, ""plan_limit"": 32, ""priority"": ""slack"", ""wait_weight"": 0.5}"
S44,是,20260967,26,17,3906.76260465,1,10171.87396,9469.86321245,86.4631479626,0.0541163999987,否,,"{""energy_weight"": 80.0, ""hard_bonus"": 0.5, ""hard_first"": true, ""late_weight"": 8.0, ""lookahead"": true, ""lookahead_limit"": 24, ""max_stops"": 2, ""neighbors"": 4, ""noise"": 10.0, ""packing_power"": 1.25, ""plan_limit"": 32, ""priority"": ""slack"", ""wait_weight"": 0.5}"
S45,是,20260968,23,12,47694.3726291,6,10129.6533834,9427.6426358,77.390335215,0.211317199999,否,,"{""energy_weight"": 160.0, ""hard_bonus"": 0.5, ""hard_first"": false, ""late_weight"": 20.0, ""lookahead"": true, ""lookahead_limit"": 24, ""max_stops"": 3, ""neighbors"": 4, ""noise"": 30.0, ""packing_power"": 1.25, ""plan_limit"": 32, ""priority"": ""hard"", ""wait_weight"": 0.5}"
S46,是,20260969,26,0,2704.15871971,1,7893.88067372,7161.64311893,72.3429560299,0.0197579999985,否,,"{""energy_weight"": 20.0, ""hard_bonus"": 0.5, ""hard_first"": true, ""late_weight"": 20.0, ""lookahead"": true, ""lookahead_limit"": 24, ""max_stops"": 1, ""neighbors"": 4, ""noise"": 3.0, ""packing_power"": 1.5, ""plan_limit"": 32, ""priority"": ""hard"", ""wait_weight"": 0.5}"
S47,是,20260970,23,12,0,0,9869.28156016,9198.59236795,78.7644480026,0.0419823000011,否,,"{""energy_weight"": 80.0, ""hard_bonus"": 0.5, ""hard_first"": false, ""late_weight"": 20.0, ""lookahead"": true, ""lookahead_limit"": 24, ""max_stops"": 2, ""neighbors"": 4, ""noise"": 10.0, ""packing_power"": 1.5, ""plan_limit"": 32, ""priority"": ""hard"", ""wait_weight"": 0.5}"
S48,是,20260971,25,11,33381.3934609,2,10598.8593215,9896.84857393,80.9363499918,0.167691999999,否,,"{""energy_weight"": 160.0, ""hard_bonus"": 0.5, ""hard_first"": true, ""late_weight"": 20.0, ""lookahead"": true, ""lookahead_limit"": 24, ""max_stops"": 3, ""neighbors"": 4, ""noise"": 30.0, ""packing_power"": 1.5, ""plan_limit"": 32, ""priority"": ""hard"", ""wait_weight"": 0.5}"
CP1,是,,26,0,0,0,7367.19134017,6863.23067008,71.9643261414,0.162324399997,否,,"{""candidate_metrics"": {""boxes_delivered"": 80, ""hard_deadline_violations"": 0, ""last_delivery_s"": 6863.230670084498, ""late_boxes"": 0, ""makespan_s"": 7367.191340168996, ""max_tardiness_s"": 0.0, ""min_transport_soc"": 0.2149046608856866, ""multi_stop_sorties"": 0, ""sorties_by_type"": {""A"": 13, ""B"": 6, ""C"": 7}, ""total_energy_kwh"": 71.96432614141051, ""transport_energy_kwh"": 71.96432614141051, ""transport_sorties"": 26, ""weighted_tardiness"": 0.0}, ""fixed"": [""box batches"", ""route order"", ""transport type""], ""horizon_s"": 8512, ""method"": ""CP-SAT fixed-structure timing and interval coloring"", ""phase_1_weighted_tardiness"": {""objective"": 0.0, ""objective_bound"": 0.0, ""status"": ""OPTIMAL"", ""wall_time_s"": 0.0086368}, ""phase_2_makespan"": {""objective"": 7368.0, ""objective_bound"": 7368.0, ""status"": ""OPTIMAL"", ""wall_time_s"": 0.14373650000000002}, ""previous_metrics"": {""boxes_delivered"": 80, ""hard_deadline_violations"": 0, ""last_delivery_s"": 7407.6926007410075, ""late_boxes"": 0, ""makespan_s"": 7911.653270825505, ""max_tardiness_s"": 0.0, ""min_transport_soc"": 0.2149046608856866, ""multi_stop_sorties"": 0, ""sorties_by_type"": {""A"": 13, ""B"": 6, ""C"": 7}, ""total_energy_kwh"": 71.96432614141051, ""transport_energy_kwh"": 71.96432614141051, ""transport_sorties"": 26, ""weighted_tardiness"": 0.0}, ""runtime_s"": 0.162324399996578, ""scope"": ""Bounds apply only to this fixed, conservatively rounded timing model; no full-problem optimum claim."", ""seed"": 20260924, ""status"": ""IMPROVED"", ""time_grid_s"": 1, ""time_limit_s"": 40.0, ""weight_integer_scale"": 1, ""workers"": 1}"
CP2,是,,26,0,0,0,7278.19134017,6774.23067008,70.1868227431,0.058795099998,是,,"{""candidate_metrics"": {""boxes_delivered"": 80, ""hard_deadline_violations"": 0, ""last_delivery_s"": 6774.230670084498, ""late_boxes"": 0, ""makespan_s"": 7278.191340168996, ""max_tardiness_s"": 0.0, ""min_transport_soc"": 0.2095840589615542, ""multi_stop_sorties"": 0, ""sorties_by_type"": {""A"": 11, ""B"": 8, ""C"": 7}, ""total_energy_kwh"": 70.18682274307065, ""transport_energy_kwh"": 70.18682274307065, ""transport_sorties"": 26, ""weighted_tardiness"": 0.0}, ""fixed"": [""box batches"", ""route order"", ""transport type""], ""horizon_s"": 8578, ""method"": ""CP-SAT fixed-structure timing and interval coloring"", ""phase_1_weighted_tardiness"": {""objective"": 0.0, ""objective_bound"": 0.0, ""status"": ""OPTIMAL"", ""wall_time_s"": 0.005332}, ""phase_2_makespan"": {""objective"": 7279.0, ""objective_bound"": 7279.0, ""status"": ""OPTIMAL"", ""wall_time_s"": 0.048460600000000006}, ""previous_metrics"": {""boxes_delivered"": 80, ""hard_deadline_violations"": 0, ""last_delivery_s"": 7473.6926007410075, ""late_boxes"": 0, ""makespan_s"": 7977.653270825505, ""max_tardiness_s"": 0.0, ""min_transport_soc"": 0.2095840589615542, ""multi_stop_sorties"": 0, ""sorties_by_type"": {""A"": 11, ""B"": 8, ""C"": 7}, ""total_energy_kwh"": 70.18682274307065, ""transport_energy_kwh"": 70.18682274307065, ""transport_sorties"": 26, ""weighted_tardiness"": 0.0}, ""runtime_s"": 0.05879509999795118, ""scope"": ""Bounds apply only to this fixed, conservatively rounded timing model; no full-problem optimum claim."", ""seed"": 20260925, ""status"": ""IMPROVED"", ""time_grid_s"": 1, ""time_limit_s"": 40.0, ""weight_integer_scale"": 1, ""workers"": 1}"
